{
 "amount": {
  "30000": [
   29438.567294103203
  ]
 },
 "n_events": {
  "1": [
   1
  ]
 },
 "number_of_events": {
  "0xc70f26184fc556bbba9c3078ee35411e42e7b1ac": 1
 },
 "amount_of_events": {
  "0xc70f26184fc556bbba9c3078ee35411e42e7b1ac": 29438.567294103203
 }
}