{
 "borrows": {
  "1000": [
   1496.9158544339998
  ],
  "80000": [
   84185.68788046739
  ]
 },
 "n_borrows": {
  "1": [
   1,
   1
  ]
 },
 "number_of_borrows": {
  "0x87715066daf3c2e0a05085a2f1b6087b90aeaf82": 1,
  "0x543ab47ac1600329d48e762972511d58c8a83756": 1
 },
 "amount_of_borrows": {
  "0x87715066daf3c2e0a05085a2f1b6087b90aeaf82": 1496.9158544339998,
  "0x543ab47ac1600329d48e762972511d58c8a83756": 84185.68788046739
 }
}